Data Source,World Development Indicators,,,
,,,,
Last Updated Date,3/1/23,,,
,,,,
Country Name,Country Code,Indicator Name,Indicator Code,2014
Aruba,ABW,CO2 emissions from transport (% of total fuel combustion),EN.CO2.TRAN.ZS,
Africa Eastern and Southern,AFE,CO2 emissions from transport (% of total fuel combustion),EN.CO2.TRAN.ZS,18.95010894
Afghanistan,AFG,CO2 emissions from transport (% of total fuel combustion),EN.CO2.TRAN.ZS,
Africa Western and Central,AFW,CO2 emissions from transport (% of total fuel combustion),EN.CO2.TRAN.ZS,41.96759888
Angola,AGO,CO2 emissions from transport (% of total fuel combustion),EN.CO2.TRAN.ZS,43.98963731
Albania,ALB,CO2 emissions from transport (% of total fuel combustion),EN.CO2.TRAN.ZS,59.95145631
Andorra,AND,CO2 emissions from transport (% of total fuel combustion),EN.CO2.TRAN.ZS,
Arab World,ARB,CO2 emissions from transport (% of total fuel combustion),EN.CO2.TRAN.ZS,24.74428849
United Arab Emirates,ARE,CO2 emissions from transport (% of total fuel combustion),EN.CO2.TRAN.ZS,21.03973095
Argentina,ARG,CO2 emissions from transport (% of total fuel combustion),EN.CO2.TRAN.ZS,24.16714308
Armenia,ARM,CO2 emissions from transport (% of total fuel combustion),EN.CO2.TRAN.ZS,27.77777778
American Samoa,ASM,CO2 emissions from transport (% of total fuel combustion),EN.CO2.TRAN.ZS,
Antigua and Barbuda,ATG,CO2 emissions from transport (% of total fuel combustion),EN.CO2.TRAN.ZS,
Australia,AUS,CO2 emissions from transport (% of total fuel combustion),EN.CO2.TRAN.ZS,24.74450211
Austria,AUT,CO2 emissions from transport (% of total fuel combustion),EN.CO2.TRAN.ZS,36.62388944
Azerbaijan,AZE,CO2 emissions from transport (% of total fuel combustion),EN.CO2.TRAN.ZS,24.48847028
Burundi,BDI,CO2 emissions from transport (% of total fuel combustion),EN.CO2.TRAN.ZS,
Belgium,BEL,CO2 emissions from transport (% of total fuel combustion),EN.CO2.TRAN.ZS,28.628663
Benin,BEN,CO2 emissions from transport (% of total fuel combustion),EN.CO2.TRAN.ZS,67.59581882
Burkina Faso,BFA,CO2 emissions from transport (% of total fuel combustion),EN.CO2.TRAN.ZS,
Bangladesh,BGD,CO2 emissions from transport (% of total fuel combustion),EN.CO2.TRAN.ZS,14.19624217
Bulgaria,BGR,CO2 emissions from transport (% of total fuel combustion),EN.CO2.TRAN.ZS,19.51103727
Bahrain,BHR,CO2 emissions from transport (% of total fuel combustion),EN.CO2.TRAN.ZS,11.45166723
"Bahamas, The",BHS,CO2 emissions from transport (% of total fuel combustion),EN.CO2.TRAN.ZS,
Bosnia and Herzegovina,BIH,CO2 emissions from transport (% of total fuel combustion),EN.CO2.TRAN.ZS,13.7372803
Belarus,BLR,CO2 emissions from transport (% of total fuel combustion),EN.CO2.TRAN.ZS,20.51192756
Belize,BLZ,CO2 emissions from transport (% of total fuel combustion),EN.CO2.TRAN.ZS,
Bermuda,BMU,CO2 emissions from transport (% of total fuel combustion),EN.CO2.TRAN.ZS,
Bolivia,BOL,CO2 emissions from transport (% of total fuel combustion),EN.CO2.TRAN.ZS,40.71038251
Brazil,BRA,CO2 emissions from transport (% of total fuel combustion),EN.CO2.TRAN.ZS,44.75232133
Barbados,BRB,CO2 emissions from transport (% of total fuel combustion),EN.CO2.TRAN.ZS,
Brunei Darussalam,BRN,CO2 emissions from transport (% of total fuel combustion),EN.CO2.TRAN.ZS,20.14925373
Bhutan,BTN,CO2 emissions from transport (% of total fuel combustion),EN.CO2.TRAN.ZS,
Botswana,BWA,CO2 emissions from transport (% of total fuel combustion),EN.CO2.TRAN.ZS,32.12209302
Central African Republic,CAF,CO2 emissions from transport (% of total fuel combustion),EN.CO2.TRAN.ZS,
Canada,CAN,CO2 emissions from transport (% of total fuel combustion),EN.CO2.TRAN.ZS,31.79343908
Central Europe and the Baltics,CEB,CO2 emissions from transport (% of total fuel combustion),EN.CO2.TRAN.ZS,19.64268376
Switzerland,CHE,CO2 emissions from transport (% of total fuel combustion),EN.CO2.TRAN.ZS,44.83306836
Channel Islands,CHI,CO2 emissions from transport (% of total fuel combustion),EN.CO2.TRAN.ZS,
Chile,CHL,CO2 emissions from transport (% of total fuel combustion),EN.CO2.TRAN.ZS,31.07769424
China,CHN,CO2 emissions from transport (% of total fuel combustion),EN.CO2.TRAN.ZS,8.598695273
Cote d'Ivoire,CIV,CO2 emissions from transport (% of total fuel combustion),EN.CO2.TRAN.ZS,31.12299465
Cameroon,CMR,CO2 emissions from transport (% of total fuel combustion),EN.CO2.TRAN.ZS,53.80794702
"Congo, Dem. Rep.",COD,CO2 emissions from transport (% of total fuel combustion),EN.CO2.TRAN.ZS,96.78111588
"Congo, Rep.",COG,CO2 emissions from transport (% of total fuel combustion),EN.CO2.TRAN.ZS,76.51515152
Colombia,COL,CO2 emissions from transport (% of total fuel combustion),EN.CO2.TRAN.ZS,41.2
Comoros,COM,CO2 emissions from transport (% of total fuel combustion),EN.CO2.TRAN.ZS,
Cabo Verde,CPV,CO2 emissions from transport (% of total fuel combustion),EN.CO2.TRAN.ZS,
Costa Rica,CRI,CO2 emissions from transport (% of total fuel combustion),EN.CO2.TRAN.ZS,68.61924686
Caribbean small states,CSS,CO2 emissions from transport (% of total fuel combustion),EN.CO2.TRAN.ZS,17.33086191
Cuba,CUB,CO2 emissions from transport (% of total fuel combustion),EN.CO2.TRAN.ZS,4.278438031
Curacao,CUW,CO2 emissions from transport (% of total fuel combustion),EN.CO2.TRAN.ZS,22.94736842
Cayman Islands,CYM,CO2 emissions from transport (% of total fuel combustion),EN.CO2.TRAN.ZS,
Cyprus,CYP,CO2 emissions from transport (% of total fuel combustion),EN.CO2.TRAN.ZS,30.38194444
Czechia,CZE,CO2 emissions from transport (% of total fuel combustion),EN.CO2.TRAN.ZS,17.02744692
Germany,DEU,CO2 emissions from transport (% of total fuel combustion),EN.CO2.TRAN.ZS,21.36546518
Djibouti,DJI,CO2 emissions from transport (% of total fuel combustion),EN.CO2.TRAN.ZS,
Dominica,DMA,CO2 emissions from transport (% of total fuel combustion),EN.CO2.TRAN.ZS,
Denmark,DNK,CO2 emissions from transport (% of total fuel combustion),EN.CO2.TRAN.ZS,32.91799478
Dominican Republic,DOM,CO2 emissions from transport (% of total fuel combustion),EN.CO2.TRAN.ZS,26.32398754
Algeria,DZA,CO2 emissions from transport (% of total fuel combustion),EN.CO2.TRAN.ZS,35.28024079
East Asia & Pacific (excluding high income),EAP,CO2 emissions from transport (% of total fuel combustion),EN.CO2.TRAN.ZS,10.8120064
Early-demographic dividend,EAR,CO2 emissions from transport (% of total fuel combustion),EN.CO2.TRAN.ZS,21.36888974
East Asia & Pacific,EAS,CO2 emissions from transport (% of total fuel combustion),EN.CO2.TRAN.ZS,12.26639624
Europe & Central Asia (excluding high income),ECA,CO2 emissions from transport (% of total fuel combustion),EN.CO2.TRAN.ZS,15.53673064
Europe & Central Asia,ECS,CO2 emissions from transport (% of total fuel combustion),EN.CO2.TRAN.ZS,22.36093498
Ecuador,ECU,CO2 emissions from transport (% of total fuel combustion),EN.CO2.TRAN.ZS,41.67312161
"Egypt, Arab Rep.",EGY,CO2 emissions from transport (% of total fuel combustion),EN.CO2.TRAN.ZS,22.54862354
Euro area,EMU,CO2 emissions from transport (% of total fuel combustion),EN.CO2.TRAN.ZS,29.13199185
Eritrea,ERI,CO2 emissions from transport (% of total fuel combustion),EN.CO2.TRAN.ZS,30.35714286
Spain,ESP,CO2 emissions from transport (% of total fuel combustion),EN.CO2.TRAN.ZS,35.30755636
Estonia,EST,CO2 emissions from transport (% of total fuel combustion),EN.CO2.TRAN.ZS,12.67123288
Ethiopia,ETH,CO2 emissions from transport (% of total fuel combustion),EN.CO2.TRAN.ZS,46.87842278
European Union,EUU,CO2 emissions from transport (% of total fuel combustion),EN.CO2.TRAN.ZS,27.41747361
Fragile and conflict affected situations,FCS,CO2 emissions from transport (% of total fuel combustion),EN.CO2.TRAN.ZS,31.21247694
Finland,FIN,CO2 emissions from transport (% of total fuel combustion),EN.CO2.TRAN.ZS,23.86740331
Fiji,FJI,CO2 emissions from transport (% of total fuel combustion),EN.CO2.TRAN.ZS,
France,FRA,CO2 emissions from transport (% of total fuel combustion),EN.CO2.TRAN.ZS,42.41458975
Faroe Islands,FRO,CO2 emissions from transport (% of total fuel combustion),EN.CO2.TRAN.ZS,
"Micronesia, Fed. Sts.",FSM,CO2 emissions from transport (% of total fuel combustion),EN.CO2.TRAN.ZS,
Gabon,GAB,CO2 emissions from transport (% of total fuel combustion),EN.CO2.TRAN.ZS,23.78223496
United Kingdom,GBR,CO2 emissions from transport (% of total fuel combustion),EN.CO2.TRAN.ZS,28.45233425
Georgia,GEO,CO2 emissions from transport (% of total fuel combustion),EN.CO2.TRAN.ZS,42.22797927
Ghana,GHA,CO2 emissions from transport (% of total fuel combustion),EN.CO2.TRAN.ZS,55.37757437
Gibraltar,GIB,CO2 emissions from transport (% of total fuel combustion),EN.CO2.TRAN.ZS,72.22222222
Guinea,GIN,CO2 emissions from transport (% of total fuel combustion),EN.CO2.TRAN.ZS,
"Gambia, The",GMB,CO2 emissions from transport (% of total fuel combustion),EN.CO2.TRAN.ZS,
Guinea-Bissau,GNB,CO2 emissions from transport (% of total fuel combustion),EN.CO2.TRAN.ZS,
Equatorial Guinea,GNQ,CO2 emissions from transport (% of total fuel combustion),EN.CO2.TRAN.ZS,
Greece,GRC,CO2 emissions from transport (% of total fuel combustion),EN.CO2.TRAN.ZS,24.80267152
Grenada,GRD,CO2 emissions from transport (% of total fuel combustion),EN.CO2.TRAN.ZS,
Greenland,GRL,CO2 emissions from transport (% of total fuel combustion),EN.CO2.TRAN.ZS,
Guatemala,GTM,CO2 emissions from transport (% of total fuel combustion),EN.CO2.TRAN.ZS,39.96282528
Guam,GUM,CO2 emissions from transport (% of total fuel combustion),EN.CO2.TRAN.ZS,
Guyana,GUY,CO2 emissions from transport (% of total fuel combustion),EN.CO2.TRAN.ZS,
High income,HIC,CO2 emissions from transport (% of total fuel combustion),EN.CO2.TRAN.ZS,28.04240136
"Hong Kong SAR, China",HKG,CO2 emissions from transport (% of total fuel combustion),EN.CO2.TRAN.ZS,13.70463079
Honduras,HND,CO2 emissions from transport (% of total fuel combustion),EN.CO2.TRAN.ZS,39.54285714
Heavily indebted poor countries (HIPC),HPC,CO2 emissions from transport (% of total fuel combustion),EN.CO2.TRAN.ZS,50.96191909
Croatia,HRV,CO2 emissions from transport (% of total fuel combustion),EN.CO2.TRAN.ZS,36.59180978
Haiti,HTI,CO2 emissions from transport (% of total fuel combustion),EN.CO2.TRAN.ZS,42.39130435
Hungary,HUN,CO2 emissions from transport (% of total fuel combustion),EN.CO2.TRAN.ZS,27.15988083
IBRD only,IBD,CO2 emissions from transport (% of total fuel combustion),EN.CO2.TRAN.ZS,15.0391908
IDA & IBRD total,IBT,CO2 emissions from transport (% of total fuel combustion),EN.CO2.TRAN.ZS,15.497373
IDA total,IDA,CO2 emissions from transport (% of total fuel combustion),EN.CO2.TRAN.ZS,29.75255468
IDA blend,IDB,CO2 emissions from transport (% of total fuel combustion),EN.CO2.TRAN.ZS,25.03277339
Indonesia,IDN,CO2 emissions from transport (% of total fuel combustion),EN.CO2.TRAN.ZS,30.80658832
IDA only,IDX,CO2 emissions from transport (% of total fuel combustion),EN.CO2.TRAN.ZS,35.61581579
Isle of Man,IMN,CO2 emissions from transport (% of total fuel combustion),EN.CO2.TRAN.ZS,
India,IND,CO2 emissions from transport (% of total fuel combustion),EN.CO2.TRAN.ZS,11.47860789
Not classified,INX,CO2 emissions from transport (% of total fuel combustion),EN.CO2.TRAN.ZS,
Ireland,IRL,CO2 emissions from transport (% of total fuel combustion),EN.CO2.TRAN.ZS,32.13230951
"Iran, Islamic Rep.",IRN,CO2 emissions from transport (% of total fuel combustion),EN.CO2.TRAN.ZS,24.9294179
Iraq,IRQ,CO2 emissions from transport (% of total fuel combustion),EN.CO2.TRAN.ZS,20.58427285
Iceland,ISL,CO2 emissions from transport (% of total fuel combustion),EN.CO2.TRAN.ZS,40.19607843
Israel,ISR,CO2 emissions from transport (% of total fuel combustion),EN.CO2.TRAN.ZS,26.09367754
Italy,ITA,CO2 emissions from transport (% of total fuel combustion),EN.CO2.TRAN.ZS,32.95486535
Jamaica,JAM,CO2 emissions from transport (% of total fuel combustion),EN.CO2.TRAN.ZS,24.26778243
Jordan,JOR,CO2 emissions from transport (% of total fuel combustion),EN.CO2.TRAN.ZS,29.19950228
Japan,JPN,CO2 emissions from transport (% of total fuel combustion),EN.CO2.TRAN.ZS,17.53699637
Kazakhstan,KAZ,CO2 emissions from transport (% of total fuel combustion),EN.CO2.TRAN.ZS,6.106665475
Kenya,KEN,CO2 emissions from transport (% of total fuel combustion),EN.CO2.TRAN.ZS,52.87449393
Kyrgyz Republic,KGZ,CO2 emissions from transport (% of total fuel combustion),EN.CO2.TRAN.ZS,27.75119617
Cambodia,KHM,CO2 emissions from transport (% of total fuel combustion),EN.CO2.TRAN.ZS,63.60655738
Kiribati,KIR,CO2 emissions from transport (% of total fuel combustion),EN.CO2.TRAN.ZS,
St. Kitts and Nevis,KNA,CO2 emissions from transport (% of total fuel combustion),EN.CO2.TRAN.ZS,
"Korea, Rep.",KOR,CO2 emissions from transport (% of total fuel combustion),EN.CO2.TRAN.ZS,16.27833254
Kuwait,KWT,CO2 emissions from transport (% of total fuel combustion),EN.CO2.TRAN.ZS,15.26486989
Latin America & Caribbean (excluding high income),LAC,CO2 emissions from transport (% of total fuel combustion),EN.CO2.TRAN.ZS,37.38420327
Lao PDR,LAO,CO2 emissions from transport (% of total fuel combustion),EN.CO2.TRAN.ZS,
Lebanon,LBN,CO2 emissions from transport (% of total fuel combustion),EN.CO2.TRAN.ZS,24.40768887
Liberia,LBR,CO2 emissions from transport (% of total fuel combustion),EN.CO2.TRAN.ZS,
Libya,LBY,CO2 emissions from transport (% of total fuel combustion),EN.CO2.TRAN.ZS,39.31106472
St. Lucia,LCA,CO2 emissions from transport (% of total fuel combustion),EN.CO2.TRAN.ZS,
Latin America & Caribbean,LCN,CO2 emissions from transport (% of total fuel combustion),EN.CO2.TRAN.ZS,36.31600817
Least developed countries: UN classification,LDC,CO2 emissions from transport (% of total fuel combustion),EN.CO2.TRAN.ZS,37.82064128
Low income,LIC,CO2 emissions from transport (% of total fuel combustion),EN.CO2.TRAN.ZS,30.79109427
Liechtenstein,LIE,CO2 emissions from transport (% of total fuel combustion),EN.CO2.TRAN.ZS,
Sri Lanka,LKA,CO2 emissions from transport (% of total fuel combustion),EN.CO2.TRAN.ZS,47.72998805
Lower middle income,LMC,CO2 emissions from transport (% of total fuel combustion),EN.CO2.TRAN.ZS,19.42916225
Low & middle income,LMY,CO2 emissions from transport (% of total fuel combustion),EN.CO2.TRAN.ZS,15.18044609
Lesotho,LSO,CO2 emissions from transport (% of total fuel combustion),EN.CO2.TRAN.ZS,
Late-demographic dividend,LTE,CO2 emissions from transport (% of total fuel combustion),EN.CO2.TRAN.ZS,12.87931513
Lithuania,LTU,CO2 emissions from transport (% of total fuel combustion),EN.CO2.TRAN.ZS,46.16876819
Luxembourg,LUX,CO2 emissions from transport (% of total fuel combustion),EN.CO2.TRAN.ZS,66.81081081
Latvia,LVA,CO2 emissions from transport (% of total fuel combustion),EN.CO2.TRAN.ZS,42.85714286
"Macao SAR, China",MAC,CO2 emissions from transport (% of total fuel combustion),EN.CO2.TRAN.ZS,
St. Martin (French part),MAF,CO2 emissions from transport (% of total fuel combustion),EN.CO2.TRAN.ZS,
Morocco,MAR,CO2 emissions from transport (% of total fuel combustion),EN.CO2.TRAN.ZS,28.84579175
Monaco,MCO,CO2 emissions from transport (% of total fuel combustion),EN.CO2.TRAN.ZS,
Moldova,MDA,CO2 emissions from transport (% of total fuel combustion),EN.CO2.TRAN.ZS,24.68965517
Madagascar,MDG,CO2 emissions from transport (% of total fuel combustion),EN.CO2.TRAN.ZS,
Maldives,MDV,CO2 emissions from transport (% of total fuel combustion),EN.CO2.TRAN.ZS,
Middle East & North Africa,MEA,CO2 emissions from transport (% of total fuel combustion),EN.CO2.TRAN.ZS,24.62089434
Mexico,MEX,CO2 emissions from transport (% of total fuel combustion),EN.CO2.TRAN.ZS,35.09236053
Marshall Islands,MHL,CO2 emissions from transport (% of total fuel combustion),EN.CO2.TRAN.ZS,
Middle income,MIC,CO2 emissions from transport (% of total fuel combustion),EN.CO2.TRAN.ZS,15.07251535
North Macedonia,MKD,CO2 emissions from transport (% of total fuel combustion),EN.CO2.TRAN.ZS,21.53432032
Mali,MLI,CO2 emissions from transport (% of total fuel combustion),EN.CO2.TRAN.ZS,
Malta,MLT,CO2 emissions from transport (% of total fuel combustion),EN.CO2.TRAN.ZS,23.07692308
Myanmar,MMR,CO2 emissions from transport (% of total fuel combustion),EN.CO2.TRAN.ZS,36.60531697
Middle East & North Africa (excluding high income),MNA,CO2 emissions from transport (% of total fuel combustion),EN.CO2.TRAN.ZS,26.10291999
Montenegro,MNE,CO2 emissions from transport (% of total fuel combustion),EN.CO2.TRAN.ZS,23.42342342
Mongolia,MNG,CO2 emissions from transport (% of total fuel combustion),EN.CO2.TRAN.ZS,11.12334802
Northern Mariana Islands,MNP,CO2 emissions from transport (% of total fuel combustion),EN.CO2.TRAN.ZS,
Mozambique,MOZ,CO2 emissions from transport (% of total fuel combustion),EN.CO2.TRAN.ZS,56.84754522
Mauritania,MRT,CO2 emissions from transport (% of total fuel combustion),EN.CO2.TRAN.ZS,
Mauritius,MUS,CO2 emissions from transport (% of total fuel combustion),EN.CO2.TRAN.ZS,25.50505051
Malawi,MWI,CO2 emissions from transport (% of total fuel combustion),EN.CO2.TRAN.ZS,
Malaysia,MYS,CO2 emissions from transport (% of total fuel combustion),EN.CO2.TRAN.ZS,29.71159079
North America,NAC,CO2 emissions from transport (% of total fuel combustion),EN.CO2.TRAN.ZS,33.24265705
Namibia,NAM,CO2 emissions from transport (% of total fuel combustion),EN.CO2.TRAN.ZS,55.43175487
New Caledonia,NCL,CO2 emissions from transport (% of total fuel combustion),EN.CO2.TRAN.ZS,
Niger,NER,CO2 emissions from transport (% of total fuel combustion),EN.CO2.TRAN.ZS,59.18367347
Nigeria,NGA,CO2 emissions from transport (% of total fuel combustion),EN.CO2.TRAN.ZS,35.38896277
Nicaragua,NIC,CO2 emissions from transport (% of total fuel combustion),EN.CO2.TRAN.ZS,41.62995595
Netherlands,NLD,CO2 emissions from transport (% of total fuel combustion),EN.CO2.TRAN.ZS,19.85304031
Norway,NOR,CO2 emissions from transport (% of total fuel combustion),EN.CO2.TRAN.ZS,39.76210705
Nepal,NPL,CO2 emissions from transport (% of total fuel combustion),EN.CO2.TRAN.ZS,44.01349073
Nauru,NRU,CO2 emissions from transport (% of total fuel combustion),EN.CO2.TRAN.ZS,
New Zealand,NZL,CO2 emissions from transport (% of total fuel combustion),EN.CO2.TRAN.ZS,44.94238156
OECD members,OED,CO2 emissions from transport (% of total fuel combustion),EN.CO2.TRAN.ZS,29.04021178
Oman,OMN,CO2 emissions from transport (% of total fuel combustion),EN.CO2.TRAN.ZS,20.78464107
Other small states,OSS,CO2 emissions from transport (% of total fuel combustion),EN.CO2.TRAN.ZS,19.03584672
Pakistan,PAK,CO2 emissions from transport (% of total fuel combustion),EN.CO2.TRAN.ZS,28.93109219
Panama,PAN,CO2 emissions from transport (% of total fuel combustion),EN.CO2.TRAN.ZS,36.44948064
Peru,PER,CO2 emissions from transport (% of total fuel combustion),EN.CO2.TRAN.ZS,40.30131827
Philippines,PHL,CO2 emissions from transport (% of total fuel combustion),EN.CO2.TRAN.ZS,27.83408212
Palau,PLW,CO2 emissions from transport (% of total fuel combustion),EN.CO2.TRAN.ZS,
Papua New Guinea,PNG,CO2 emissions from transport (% of total fuel combustion),EN.CO2.TRAN.ZS,
Poland,POL,CO2 emissions from transport (% of total fuel combustion),EN.CO2.TRAN.ZS,15.66800459
Pre-demographic dividend,PRE,CO2 emissions from transport (% of total fuel combustion),EN.CO2.TRAN.ZS,34.5928703
Puerto Rico,PRI,CO2 emissions from transport (% of total fuel combustion),EN.CO2.TRAN.ZS,
"Korea, Dem. People's Rep.",PRK,CO2 emissions from transport (% of total fuel combustion),EN.CO2.TRAN.ZS,3.544973545
Portugal,PRT,CO2 emissions from transport (% of total fuel combustion),EN.CO2.TRAN.ZS,36.6970334
Paraguay,PRY,CO2 emissions from transport (% of total fuel combustion),EN.CO2.TRAN.ZS,93.06358382
West Bank and Gaza,PSE,CO2 emissions from transport (% of total fuel combustion),EN.CO2.TRAN.ZS,
Pacific island small states,PSS,CO2 emissions from transport (% of total fuel combustion),EN.CO2.TRAN.ZS,
Post-demographic dividend,PST,CO2 emissions from transport (% of total fuel combustion),EN.CO2.TRAN.ZS,28.65809257
French Polynesia,PYF,CO2 emissions from transport (% of total fuel combustion),EN.CO2.TRAN.ZS,
Qatar,QAT,CO2 emissions from transport (% of total fuel combustion),EN.CO2.TRAN.ZS,18.24507151
Romania,ROU,CO2 emissions from transport (% of total fuel combustion),EN.CO2.TRAN.ZS,22.4471831
Russian Federation,RUS,CO2 emissions from transport (% of total fuel combustion),EN.CO2.TRAN.ZS,16.24476168
Rwanda,RWA,CO2 emissions from transport (% of total fuel combustion),EN.CO2.TRAN.ZS,
South Asia,SAS,CO2 emissions from transport (% of total fuel combustion),EN.CO2.TRAN.ZS,12.98058911
Saudi Arabia,SAU,CO2 emissions from transport (% of total fuel combustion),EN.CO2.TRAN.ZS,25.91839555
Sudan,SDN,CO2 emissions from transport (% of total fuel combustion),EN.CO2.TRAN.ZS,59.22038981
Senegal,SEN,CO2 emissions from transport (% of total fuel combustion),EN.CO2.TRAN.ZS,38.85350318
Singapore,SGP,CO2 emissions from transport (% of total fuel combustion),EN.CO2.TRAN.ZS,15.18093557
Solomon Islands,SLB,CO2 emissions from transport (% of total fuel combustion),EN.CO2.TRAN.ZS,
Sierra Leone,SLE,CO2 emissions from transport (% of total fuel combustion),EN.CO2.TRAN.ZS,
El Salvador,SLV,CO2 emissions from transport (% of total fuel combustion),EN.CO2.TRAN.ZS,48.1292517
San Marino,SMR,CO2 emissions from transport (% of total fuel combustion),EN.CO2.TRAN.ZS,
Somalia,SOM,CO2 emissions from transport (% of total fuel combustion),EN.CO2.TRAN.ZS,
Serbia,SRB,CO2 emissions from transport (% of total fuel combustion),EN.CO2.TRAN.ZS,15.48150092
Sub-Saharan Africa (excluding high income),SSA,CO2 emissions from transport (% of total fuel combustion),EN.CO2.TRAN.ZS,22.85030748
South Sudan,SSD,CO2 emissions from transport (% of total fuel combustion),EN.CO2.TRAN.ZS,65.13157895
Sub-Saharan Africa,SSF,CO2 emissions from transport (% of total fuel combustion),EN.CO2.TRAN.ZS,22.85030748
Small states,SST,CO2 emissions from transport (% of total fuel combustion),EN.CO2.TRAN.ZS,18.75160941
Sao Tome and Principe,STP,CO2 emissions from transport (% of total fuel combustion),EN.CO2.TRAN.ZS,
Suriname,SUR,CO2 emissions from transport (% of total fuel combustion),EN.CO2.TRAN.ZS,33.66834171
Slovak Republic,SVK,CO2 emissions from transport (% of total fuel combustion),EN.CO2.TRAN.ZS,20.6614388
Slovenia,SVN,CO2 emissions from transport (% of total fuel combustion),EN.CO2.TRAN.ZS,41.53605016
Sweden,SWE,CO2 emissions from transport (% of total fuel combustion),EN.CO2.TRAN.ZS,53.28701229
Eswatini,SWZ,CO2 emissions from transport (% of total fuel combustion),EN.CO2.TRAN.ZS,
Sint Maarten (Dutch part),SXM,CO2 emissions from transport (% of total fuel combustion),EN.CO2.TRAN.ZS,
Seychelles,SYC,CO2 emissions from transport (% of total fuel combustion),EN.CO2.TRAN.ZS,
Syrian Arab Republic,SYR,CO2 emissions from transport (% of total fuel combustion),EN.CO2.TRAN.ZS,23.97533551
Turks and Caicos Islands,TCA,CO2 emissions from transport (% of total fuel combustion),EN.CO2.TRAN.ZS,
Chad,TCD,CO2 emissions from transport (% of total fuel combustion),EN.CO2.TRAN.ZS,
East Asia & Pacific (IDA & IBRD countries),TEA,CO2 emissions from transport (% of total fuel combustion),EN.CO2.TRAN.ZS,10.83875264
Europe & Central Asia (IDA & IBRD countries),TEC,CO2 emissions from transport (% of total fuel combustion),EN.CO2.TRAN.ZS,15.81160052
Togo,TGO,CO2 emissions from transport (% of total fuel combustion),EN.CO2.TRAN.ZS,77.3255814
Thailand,THA,CO2 emissions from transport (% of total fuel combustion),EN.CO2.TRAN.ZS,24.71665572
Tajikistan,TJK,CO2 emissions from transport (% of total fuel combustion),EN.CO2.TRAN.ZS,33.47639485
Turkmenistan,TKM,CO2 emissions from transport (% of total fuel combustion),EN.CO2.TRAN.ZS,17.55223881
Latin America & the Caribbean (IDA & IBRD countries),TLA,CO2 emissions from transport (% of total fuel combustion),EN.CO2.TRAN.ZS,36.93517545
Timor-Leste,TLS,CO2 emissions from transport (% of total fuel combustion),EN.CO2.TRAN.ZS,
Middle East & North Africa (IDA & IBRD countries),TMN,CO2 emissions from transport (% of total fuel combustion),EN.CO2.TRAN.ZS,26.10291999
Tonga,TON,CO2 emissions from transport (% of total fuel combustion),EN.CO2.TRAN.ZS,
South Asia (IDA & IBRD),TSA,CO2 emissions from transport (% of total fuel combustion),EN.CO2.TRAN.ZS,12.98058911
Sub-Saharan Africa (IDA & IBRD countries),TSS,CO2 emissions from transport (% of total fuel combustion),EN.CO2.TRAN.ZS,22.85030748
Trinidad and Tobago,TTO,CO2 emissions from transport (% of total fuel combustion),EN.CO2.TRAN.ZS,13.78716071
Tunisia,TUN,CO2 emissions from transport (% of total fuel combustion),EN.CO2.TRAN.ZS,25.30987605
Turkiye,TUR,CO2 emissions from transport (% of total fuel combustion),EN.CO2.TRAN.ZS,19.83328449
Tuvalu,TUV,CO2 emissions from transport (% of total fuel combustion),EN.CO2.TRAN.ZS,
Tanzania,TZA,CO2 emissions from transport (% of total fuel combustion),EN.CO2.TRAN.ZS,57.56991321
Uganda,UGA,CO2 emissions from transport (% of total fuel combustion),EN.CO2.TRAN.ZS,
Ukraine,UKR,CO2 emissions from transport (% of total fuel combustion),EN.CO2.TRAN.ZS,11.41033229
Upper middle income,UMC,CO2 emissions from transport (% of total fuel combustion),EN.CO2.TRAN.ZS,13.67108534
Uruguay,URY,CO2 emissions from transport (% of total fuel combustion),EN.CO2.TRAN.ZS,55.34290271
United States,USA,CO2 emissions from transport (% of total fuel combustion),EN.CO2.TRAN.ZS,33.3979881
Uzbekistan,UZB,CO2 emissions from transport (% of total fuel combustion),EN.CO2.TRAN.ZS,6.84371808
St. Vincent and the Grenadines,VCT,CO2 emissions from transport (% of total fuel combustion),EN.CO2.TRAN.ZS,
"Venezuela, RB",VEN,CO2 emissions from transport (% of total fuel combustion),EN.CO2.TRAN.ZS,32.33757017
British Virgin Islands,VGB,CO2 emissions from transport (% of total fuel combustion),EN.CO2.TRAN.ZS,
Virgin Islands (U.S.),VIR,CO2 emissions from transport (% of total fuel combustion),EN.CO2.TRAN.ZS,
Vietnam,VNM,CO2 emissions from transport (% of total fuel combustion),EN.CO2.TRAN.ZS,22.28037122
Vanuatu,VUT,CO2 emissions from transport (% of total fuel combustion),EN.CO2.TRAN.ZS,
World,WLD,CO2 emissions from transport (% of total fuel combustion),EN.CO2.TRAN.ZS,20.44906157
Samoa,WSM,CO2 emissions from transport (% of total fuel combustion),EN.CO2.TRAN.ZS,
Kosovo,XKX,CO2 emissions from transport (% of total fuel combustion),EN.CO2.TRAN.ZS,13.91891892
"Yemen, Rep.",YEM,CO2 emissions from transport (% of total fuel combustion),EN.CO2.TRAN.ZS,34.62980319
South Africa,ZAF,CO2 emissions from transport (% of total fuel combustion),EN.CO2.TRAN.ZS,12.04929465
Zambia,ZMB,CO2 emissions from transport (% of total fuel combustion),EN.CO2.TRAN.ZS,35.10971787
Zimbabwe,ZWE,CO2 emissions from transport (% of total fuel combustion),EN.CO2.TRAN.ZS,22.28024369